code,report_year,total_ai_sentences,innovation_sentences,risk_sentences,neutral_sentences,mixed_sentences,total_sentences_in_report,AI_Disclosure,AI_Innovation_Disclosure,AI_Risk_Disclosure,AI_Innovation_Ratio,AI_Risk_Ratio
000001,2022,90,68,7,14,1,2335,0.03854389721627409,0.0291220556745182,0.002997858672376874,0.7555555555555555,0.07777777777777778
000002,2019,7,3,0,4,0,1809,0.003869541182974019,0.001658374792703151,0.0,0.4285714285714285,0.0
000002,2020,9,2,1,6,0,1949,0.004617752693689072,0.001026167265264238,0.000513083632632119,0.2222222222222222,0.1111111111111111
000002,2021,18,9,1,8,0,1969,0.009141696292534281,0.004570848146267141,0.0005078720162519045,0.5,0.05555555555555555
000002,2022,11,4,2,5,0,1870,0.005882352941176471,0.00213903743315508,0.00106951871657754,0.3636363636363636,0.1818181818181818
000002,2023,12,5,1,6,0,1899,0.00631911532385466,0.002632964718272775,0.000526592943654555,0.4166666666666667,0.08333333333333333
000006,2020,1,1,0,0,0,1023,0.0009775171065493646,0.0009775171065493646,0.0,1.0,0.0
000007,2019,1,0,0,1,0,1295,0.0007722007722007722,0.0,0.0,0.0,0.0
000007,2020,1,0,0,1,0,1320,0.0007575757575757576,0.0,0.0,0.0,0.0
000007,2022,1,1,0,0,0,1276,0.0007836990595611285,0.0007836990595611285,0.0,1.0,0.0
000008,2019,52,46,0,6,0,1231,0.04224207961007311,0.03736799350121852,0.0,0.8846153846153846,0.0
000008,2020,26,22,2,2,0,1088,0.02389705882352941,0.02022058823529412,0.001838235294117647,0.8461538461538461,0.07692307692307693
000008,2021,18,15,1,2,0,1104,0.01630434782608696,0.01358695652173913,0.0009057971014492754,0.8333333333333334,0.05555555555555555
000008,2022,21,20,1,0,0,1079,0.01946246524559778,0.01853568118628359,0.0009267840593141798,0.9523809523809523,0.04761904761904762
000008,2023,6,3,1,2,0,1015,0.005911330049261084,0.002955665024630542,0.0009852216748768472,0.5,0.1666666666666667
000009,2019,6,3,2,1,0,1659,0.003616636528028933,0.001808318264014466,0.001205545509342978,0.5,0.3333333333333333
000009,2020,6,3,1,2,0,1756,0.003416856492027335,0.001708428246013667,0.0005694760820045558,0.5,0.1666666666666667
000009,2021,8,5,1,2,0,1667,0.004799040191961607,0.002999400119976005,0.0005998800239952009,0.625,0.125
000009,2022,10,9,1,0,0,1666,0.006002400960384154,0.005402160864345739,0.0006002400960384153,0.9,0.1
000009,2023,10,9,0,1,0,1703,0.005871990604815032,0.005284791544333529,0.0,0.9,0.0
000011,2019,5,2,0,3,0,1055,0.004739336492890996,0.001895734597156398,0.0,0.4,0.0
000011,2020,2,0,0,2,0,1087,0.001839926402943882,0.0,0.0,0.0,0.0
000011,2021,5,4,1,0,0,1206,0.004145936981757877,0.003316749585406302,0.0008291873963515755,0.8,0.2
000011,2022,6,4,0,1,1,1262,0.004754358161648178,0.003169572107765452,0.0,0.6666666666666666,0.0
000011,2023,5,4,0,1,0,1265,0.003952569169960474,0.003162055335968379,0.0,0.8,0.0
000012,2019,6,5,0,1,0,1193,0.005029337803855826,0.004191114836546521,0.0,0.8333333333333334,0.0
000012,2020,6,6,0,0,0,1232,0.00487012987012987,0.00487012987012987,0.0,1.0,0.0
000012,2021,11,11,0,0,0,1070,0.0102803738317757,0.0102803738317757,0.0,1.0,0.0
000012,2022,7,7,0,0,0,1118,0.006261180679785331,0.006261180679785331,0.0,1.0,0.0
000012,2023,8,7,0,1,0,1259,0.006354249404289118,0.005559968228752979,0.0,0.875,0.0
000014,2021,1,1,0,0,0,942,0.001061571125265393,0.001061571125265393,0.0,1.0,0.0
000014,2022,1,1,0,0,0,898,0.00111358574610245,0.00111358574610245,0.0,1.0,0.0
000014,2023,1,1,0,0,0,851,0.001175088131609871,0.001175088131609871,0.0,1.0,0.0
000017,2019,1,1,0,0,0,771,0.001297016861219196,0.001297016861219196,0.0,1.0,0.0
000017,2020,1,1,0,0,0,850,0.001176470588235294,0.001176470588235294,0.0,1.0,0.0
000017,2021,1,1,0,0,0,890,0.001123595505617978,0.001123595505617978,0.0,1.0,0.0
000017,2022,1,1,0,0,0,879,0.001137656427758817,0.001137656427758817,0.0,1.0,0.0
000017,2023,2,1,1,0,0,1049,0.001906577693040991,0.0009532888465204957,0.0009532888465204957,0.5,0.5
000019,2019,6,6,0,0,0,1321,0.004542013626040878,0.004542013626040878,0.0,1.0,0.0
000019,2020,9,7,0,2,0,1305,0.006896551724137931,0.005363984674329502,0.0,0.7777777777777778,0.0
000019,2021,6,5,0,1,0,1435,0.004181184668989547,0.003484320557491289,0.0,0.8333333333333334,0.0
000019,2022,6,4,0,1,1,1482,0.004048582995951417,0.002699055330634278,0.0,0.6666666666666666,0.0
000019,2023,4,3,0,1,0,1300,0.003076923076923077,0.002307692307692308,0.0,0.75,0.0
000020,2019,13,2,0,9,2,659,0.01972685887708649,0.003034901365705615,0.0,0.1538461538461539,0.0
000020,2020,13,4,0,9,0,645,0.02015503875968992,0.006201550387596899,0.0,0.3076923076923077,0.0
000020,2021,13,4,0,9,0,608,0.02138157894736842,0.006578947368421052,0.0,0.3076923076923077,0.0
000020,2022,17,4,3,10,0,648,0.02623456790123457,0.006172839506172839,0.004629629629629629,0.2352941176470588,0.1764705882352941
000020,2023,7,2,0,5,0,642,0.01090342679127726,0.003115264797507788,0.0,0.2857142857142857,0.0
000021,2019,14,10,1,3,0,1097,0.01276207839562443,0.009115770282588878,0.0009115770282588879,0.7142857142857143,0.07142857142857142
000021,2020,9,5,0,4,0,1166,0.007718696397941681,0.004288164665523156,0.0,0.5555555555555556,0.0
000021,2021,20,19,0,1,0,1237,0.01616814874696847,0.01535974130962005,0.0,0.95,0.0
000021,2022,21,10,0,10,1,1188,0.01767676767676768,0.008417508417508417,0.0,0.4761904761904762,0.0
000021,2023,23,12,0,10,1,1200,0.01916666666666667,0.01,0.0,0.5217391304347826,0.0
000025,2019,2,2,0,0,0,856,0.002336448598130841,0.002336448598130841,0.0,1.0,0.0
000025,2020,2,0,0,2,0,1107,0.001806684733514002,0.0,0.0,0.0,0.0
000025,2021,3,1,0,2,0,1189,0.002523128679562658,0.0008410428931875525,0.0,0.3333333333333333,0.0
000025,2022,4,2,1,1,0,1201,0.003330557868442964,0.001665278934221482,0.0008326394671107411,0.5,0.25
000025,2023,3,1,1,1,0,1099,0.00272975432211101,0.0009099181073703367,0.0009099181073703367,0.3333333333333333,0.3333333333333333
000026,2019,3,0,0,3,0,994,0.003018108651911469,0.0,0.0,0.0,0.0
000026,2020,7,0,0,7,0,1085,0.006451612903225806,0.0,0.0,0.0,0.0
000026,2021,4,0,0,4,0,1230,0.003252032520325203,0.0,0.0,0.0,0.0
000026,2022,2,0,0,2,0,1128,0.001773049645390071,0.0,0.0,0.0,0.0
000026,2023,3,1,0,2,0,1152,0.002604166666666667,0.0008680555555555555,0.0,0.3333333333333333,0.0
000027,2019,2,2,0,0,0,1527,0.001309757694826457,0.001309757694826457,0.0,1.0,0.0
000027,2020,1,1,0,0,0,1658,0.0006031363088057901,0.0006031363088057901,0.0,1.0,0.0
000027,2021,1,0,1,0,0,1755,0.0005698005698005698,0.0,0.0005698005698005698,0.0,1.0
000027,2022,9,7,2,0,0,1696,0.005306603773584905,0.004127358490566038,0.001179245283018868,0.7777777777777778,0.2222222222222222
000027,2023,11,9,2,0,0,1678,0.006555423122765197,0.005363528009535161,0.001191895113230036,0.8181818181818182,0.1818181818181818
000028,2019,2,1,0,1,0,1447,0.00138217000691085,0.000691085003455425,0.0,0.5,0.0
000028,2020,2,2,0,0,0,1471,0.001359619306594154,0.001359619306594154,0.0,1.0,0.0
000028,2021,7,7,0,0,0,1635,0.004281345565749235,0.004281345565749235,0.0,1.0,0.0
000028,2022,6,4,0,2,0,1600,0.00375,0.0025,0.0,0.6666666666666666,0.0
000028,2023,13,9,1,2,1,1476,0.008807588075880758,0.006097560975609756,0.0006775067750677507,0.6923076923076923,0.07692307692307693
000029,2019,2,1,0,1,0,935,0.00213903743315508,0.00106951871657754,0.0,0.5,0.0
000030,2019,9,8,1,0,0,905,0.009944751381215469,0.008839779005524863,0.001104972375690608,0.8888888888888888,0.1111111111111111
000030,2020,6,3,1,1,1,912,0.006578947368421052,0.003289473684210526,0.001096491228070175,0.5,0.1666666666666667
000030,2021,13,12,0,0,1,1190,0.01092436974789916,0.01008403361344538,0.0,0.9230769230769231,0.0
000030,2022,11,8,0,2,1,1072,0.01026119402985075,0.007462686567164179,0.0,0.7272727272727273,0.0
000030,2023,6,4,0,2,0,1074,0.00558659217877095,0.0037243947858473,0.0,0.6666666666666666,0.0
000031,2019,6,4,0,2,0,1732,0.003464203233256351,0.002309468822170901,0.0,0.6666666666666666,0.0
000031,2020,6,6,0,0,0,1555,0.003858520900321543,0.003858520900321543,0.0,1.0,0.0
000031,2021,6,4,0,2,0,1494,0.004016064257028112,0.002677376171352075,0.0,0.6666666666666666,0.0
000031,2022,3,1,0,2,0,1526,0.001965923984272608,0.000655307994757536,0.0,0.3333333333333333,0.0
000031,2023,2,0,0,2,0,1339,0.001493651979088872,0.0,0.0,0.0,0.0
000032,2019,7,6,1,0,0,1341,0.005219985085756898,0.004474272930648769,0.0007457121551081282,0.8571428571428571,0.1428571428571428
000032,2020,18,17,1,0,0,1380,0.01304347826086956,0.01231884057971015,0.0007246376811594203,0.9444444444444444,0.05555555555555555
000032,2021,55,43,1,9,2,2301,0.02390265102129509,0.01868752716210343,0.000434593654932638,0.7818181818181819,0.01818181818181818
000032,2022,49,36,1,7,5,2032,0.02411417322834646,0.01771653543307087,0.0004921259842519685,0.7346938775510204,0.02040816326530612
000032,2023,91,70,2,18,1,2249,0.04046242774566474,0.03112494441974211,0.0008892841262783459,0.7692307692307693,0.02197802197802198
000034,2019,72,41,4,26,1,1546,0.04657179818887452,0.02652005174644243,0.00258732212160414,0.5694444444444444,0.05555555555555555
000034,2020,89,53,1,35,0,1579,0.05636478784040532,0.03356554781507283,0.0006333122229259025,0.5955056179775281,0.01123595505617977
000034,2021,102,54,4,44,0,1866,0.05466237942122187,0.02893890675241157,0.002143622722400857,0.5294117647058824,0.0392156862745098
000034,2022,110,53,4,51,2,2001,0.05497251374312843,0.02648675662168916,0.001999000499750125,0.4818181818181818,0.03636363636363636
000034,2023,149,81,4,61,3,2110,0.07061611374407582,0.03838862559241706,0.001895734597156398,0.5436241610738255,0.02684563758389262
000035,2019,14,5,0,9,0,2099,0.006669842782277275,0.00238208670795617,0.0,0.3571428571428572,0.0
000035,2020,10,5,0,5,0,1527,0.006548788474132285,0.003274394237066143,0.0,0.5,0.0
000035,2021,19,10,1,8,0,1626,0.01168511685116851,0.006150061500615006,0.0006150061500615006,0.5263157894736842,0.05263157894736842
000035,2022,12,11,0,1,0,1444,0.008310249307479225,0.007617728531855956,0.0,0.9166666666666666,0.0
000035,2023,12,9,0,2,1,1628,0.007371007371007371,0.005528255528255528,0.0,0.75,0.0
000036,2020,7,6,0,1,0,1127,0.006211180124223602,0.005323868677905945,0.0,0.8571428571428571,0.0
000036,2021,3,3,0,0,0,1146,0.002617801047120419,0.002617801047120419,0.0,1.0,0.0
000036,2022,2,2,0,0,0,1132,0.00176678445229682,0.00176678445229682,0.0,1.0,0.0
000036,2023,1,1,0,0,0,1231,0.0008123476848090983,0.0008123476848090983,0.0,1.0,0.0
000037,2019,1,1,0,0,0,1113,0.0008984725965858042,0.0008984725965858042,0.0,1.0,0.0
000037,2020,3,2,0,1,0,1047,0.002865329512893983,0.001910219675262655,0.0,0.6666666666666666,0.0
000037,2021,4,2,0,2,0,1029,0.003887269193391642,0.001943634596695821,0.0,0.5,0.0
000037,2022,2,0,1,1,0,1002,0.001996007984031936,0.0,0.000998003992015968,0.0,0.5
000037,2023,4,2,1,1,0,1050,0.00380952380952381,0.001904761904761905,0.0009523809523809524,0.5,0.25
000038,2019,1,1,0,0,0,1346,0.0007429420505200594,0.0007429420505200594,0.0,1.0,0.0
000038,2020,1,1,0,0,0,1258,0.000794912559618442,0.000794912559618442,0.0,1.0,0.0
000038,2021,2,1,0,0,1,1132,0.00176678445229682,0.0008833922261484099,0.0,0.5,0.0
000039,2019,50,40,2,8,0,3184,0.0157035175879397,0.01256281407035176,0.000628140703517588,0.8,0.04
000039,2020,53,45,1,7,0,3458,0.01532677848467322,0.0130133024869867,0.0002891844997108155,0.8490566037735849,0.01886792452830189
000039,2021,44,36,0,8,0,3187,0.01380608722936931,0.01129588955130217,0.0,0.8181818181818182,0.0
000039,2022,41,33,1,7,0,3102,0.01321727917472598,0.01063829787234043,0.0003223726627981947,0.8048780487804879,0.02439024390243903
000039,2023,48,35,2,11,0,3297,0.01455868971792539,0.01061571125265393,0.0006066120715802245,0.7291666666666666,0.04166666666666666
000042,2022,1,0,0,1,0,1078,0.0009276437847866419,0.0,0.0,0.0,0.0
000045,2019,1,1,0,0,0,1208,0.0008278145695364238,0.0008278145695364238,0.0,1.0,0.0
000045,2020,3,3,0,0,0,1276,0.002351097178683386,0.002351097178683386,0.0,1.0,0.0
000045,2021,2,2,0,0,0,1316,0.001519756838905775,0.001519756838905775,0.0,1.0,0.0
000045,2022,1,1,0,0,0,1321,0.000757002271006813,0.000757002271006813,0.0,1.0,0.0
000045,2023,3,3,0,0,0,1259,0.00238284352660842,0.00238284352660842,0.0,1.0,0.0
000048,2019,3,3,0,0,0,1555,0.001929260450160772,0.001929260450160772,0.0,1.0,0.0
000048,2020,4,3,0,1,0,1408,0.002840909090909091,0.002130681818181818,0.0,0.75,0.0
000048,2021,3,2,0,1,0,1370,0.00218978102189781,0.00145985401459854,0.0,0.6666666666666666,0.0
000048,2022,4,3,0,1,0,1302,0.003072196620583717,0.002304147465437788,0.0,0.75,0.0
000048,2023,7,6,0,1,0,1309,0.0053475935828877,0.004583651642475172,0.0,0.8571428571428571,0.0
000049,2019,19,18,0,1,0,1117,0.01700984780662489,0.01611459265890779,0.0,0.9473684210526315,0.0
000049,2020,18,18,0,0,0,1129,0.01594331266607617,0.01594331266607617,0.0,1.0,0.0
000049,2021,16,16,0,0,0,1265,0.01264822134387352,0.01264822134387352,0.0,1.0,0.0
000049,2022,18,17,0,1,0,1361,0.01322556943423953,0.01249081557678178,0.0,0.9444444444444444,0.0
000049,2023,15,13,1,1,0,1419,0.0105708245243129,0.009161381254404511,0.0007047216349541931,0.8666666666666667,0.06666666666666667
000050,2019,15,12,0,3,0,1847,0.008121277747698972,0.006497022198159177,0.0,0.8,0.0
000050,2020,11,9,1,1,0,1835,0.005994550408719346,0.004904632152588556,0.0005449591280653951,0.8181818181818182,0.09090909090909091
000050,2021,11,10,1,0,0,1830,0.006010928961748634,0.00546448087431694,0.000546448087431694,0.9090909090909091,0.09090909090909091
000050,2022,9,7,1,1,0,1911,0.004709576138147566,0.003663003663003663,0.0005232862375719519,0.7777777777777778,0.1111111111111111
000050,2023,12,10,1,1,0,1942,0.006179196704428424,0.005149330587023687,0.0005149330587023687,0.8333333333333334,0.08333333333333333
000055,2019,16,13,0,3,0,1373,0.01165331391114348,0.009468317552804079,0.0,0.8125,0.0
000055,2020,13,10,0,3,0,1348,0.009643916913946587,0.00741839762611276,0.0,0.7692307692307693,0.0
000055,2021,12,11,0,1,0,1443,0.008316008316008316,0.007623007623007623,0.0,0.9166666666666666,0.0
000055,2022,14,13,0,1,0,1393,0.01005025125628141,0.00933237616654702,0.0,0.9285714285714286,0.0
000055,2023,20,19,0,1,0,1459,0.01370801919122687,0.01302261823166552,0.0,0.95,0.0
000058,2019,1,1,0,0,0,1271,0.0007867820613690008,0.0007867820613690008,0.0,1.0,0.0
000058,2020,5,5,0,0,0,1089,0.004591368227731864,0.004591368227731864,0.0,1.0,0.0
000058,2021,6,6,0,0,0,1185,0.005063291139240506,0.005063291139240506,0.0,1.0,0.0
000058,2022,3,3,0,0,0,1149,0.002610966057441253,0.002610966057441253,0.0,1.0,0.0
000058,2023,2,2,0,0,0,1135,0.001762114537444934,0.001762114537444934,0.0,1.0,0.0
000059,2019,1,1,0,0,0,921,0.001085776330076004,0.001085776330076004,0.0,1.0,0.0
000059,2020,2,2,0,0,0,853,0.002344665885111371,0.002344665885111371,0.0,1.0,0.0
000059,2021,2,2,0,0,0,923,0.002166847237269772,0.002166847237269772,0.0,1.0,0.0
000059,2022,4,4,0,0,0,875,0.004571428571428572,0.004571428571428572,0.0,1.0,0.0
000059,2023,2,2,0,0,0,810,0.002469135802469136,0.002469135802469136,0.0,1.0,0.0
000060,2019,2,1,0,1,0,1272,0.001572327044025157,0.0007861635220125787,0.0,0.5,0.0
000060,2020,2,2,0,0,0,1365,0.001465201465201465,0.001465201465201465,0.0,1.0,0.0
000060,2021,1,1,0,0,0,1523,0.0006565988181221273,0.0006565988181221273,0.0,1.0,0.0
000060,2023,5,5,0,0,0,1593,0.003138731952291274,0.003138731952291274,0.0,1.0,0.0
000061,2020,5,3,0,1,1,1413,0.003538570417551309,0.002123142250530786,0.0,0.6,0.0
000061,2021,7,6,0,0,1,1367,0.005120702267739576,0.004389173372348208,0.0,0.8571428571428571,0.0
000061,2022,3,3,0,0,0,1191,0.002518891687657431,0.002518891687657431,0.0,1.0,0.0
000061,2023,4,3,1,0,0,1379,0.00290065264684554,0.002175489485134155,0.0007251631617113851,0.75,0.25
000062,2019,8,7,0,1,0,1198,0.00667779632721202,0.005843071786310518,0.0,0.875,0.0
000062,2020,7,7,0,0,0,1121,0.006244424620874219,0.006244424620874219,0.0,1.0,0.0
000062,2021,10,8,1,1,0,1193,0.008382229673093043,0.006705783738474434,0.0008382229673093043,0.8,0.1
000062,2022,17,17,0,0,0,1258,0.01351351351351351,0.01351351351351351,0.0,1.0,0.0
000062,2023,30,28,0,2,0,1292,0.02321981424148607,0.021671826625387,0.0,0.9333333333333333,0.0
000063,2019,31,18,0,12,1,2169,0.01429230059935454,0.008298755186721992,0.0,0.5806451612903226,0.0
000063,2020,28,13,0,14,1,2192,0.01277372262773723,0.005930656934306569,0.0,0.4642857142857143,0.0
000063,2021,49,25,0,23,1,2406,0.02036575228595179,0.01039068994181214,0.0,0.5102040816326531,0.0
000063,2022,48,26,1,20,1,2227,0.02155365963179165,0.01167489896722048,0.000449034575662326,0.5416666666666666,0.02083333333333333
000063,2023,76,55,1,19,1,2088,0.03639846743295019,0.02634099616858238,0.0004789272030651341,0.7236842105263158,0.0131578947368421
000065,2019,16,12,0,4,0,1550,0.01032258064516129,0.007741935483870968,0.0,0.75,0.0
000065,2020,17,11,0,6,0,1478,0.0115020297699594,0.007442489851150203,0.0,0.6470588235294118,0.0
000065,2021,16,10,0,5,1,1529,0.0104643557880968,0.006540222367560497,0.0,0.625,0.0
000065,2022,13,8,1,3,1,1260,0.01031746031746032,0.006349206349206349,0.0007936507936507937,0.6153846153846154,0.07692307692307693
000065,2023,12,9,1,2,0,1227,0.009779951100244499,0.007334963325183374,0.0008149959250203749,0.75,0.08333333333333333
000066,2019,20,12,2,5,1,1846,0.01083423618634886,0.006500541711809318,0.001083423618634886,0.6,0.1
000066,2020,16,10,4,2,0,1855,0.00862533692722372,0.005390835579514825,0.00215633423180593,0.625,0.25
000066,2021,15,12,2,1,0,1813,0.00827357970215113,0.006618863761720904,0.001103143960286818,0.8,0.1333333333333333
000066,2022,17,9,1,6,1,1549,0.01097482246610717,0.005810200129115558,0.0006455777921239509,0.5294117647058824,0.05882352941176471
000066,2023,32,17,2,13,0,1527,0.02095612311722331,0.01113294040602488,0.001309757694826457,0.53125,0.0625
000068,2019,2,1,0,1,0,1237,0.001616814874696847,0.0008084074373484236,0.0,0.5,0.0
000068,2020,6,4,0,2,0,1253,0.004788507581803671,0.003192338387869114,0.0,0.6666666666666666,0.0
000068,2021,9,4,0,4,1,1476,0.006097560975609756,0.002710027100271003,0.0,0.4444444444444444,0.0
000068,2022,6,3,0,3,0,1327,0.00452147701582517,0.002260738507912585,0.0,0.5,0.0
000068,2023,7,5,0,2,0,1317,0.005315110098709187,0.003796507213363705,0.0,0.7142857142857143,0.0
000069,2019,3,2,0,1,0,1414,0.002121640735502122,0.001414427157001414,0.0,0.6666666666666666,0.0
000069,2020,7,4,0,3,0,1379,0.005076142131979695,0.00290065264684554,0.0,0.5714285714285714,0.0
000069,2021,3,2,0,1,0,1316,0.002279635258358662,0.001519756838905775,0.0,0.6666666666666666,0.0
000069,2022,5,2,0,3,0,1218,0.004105090311986864,0.001642036124794745,0.0,0.4,0.0
000069,2023,3,2,1,0,0,1032,0.002906976744186046,0.001937984496124031,0.0009689922480620155,0.6666666666666666,0.3333333333333333
000070,2019,15,14,0,1,0,1377,0.01089324618736384,0.01016702977487291,0.0,0.9333333333333333,0.0
000070,2020,17,14,0,3,0,1490,0.01140939597315436,0.009395973154362415,0.0,0.8235294117647058,0.0
000070,2021,23,19,0,4,0,1574,0.01461245235069886,0.01207115628970775,0.0,0.8260869565217391,0.0
000070,2022,32,23,2,6,1,1299,0.02463433410315627,0.01770592763664357,0.001539645881447267,0.71875,0.0625
000070,2023,39,22,1,16,0,1359,0.02869757174392936,0.01618837380426785,0.0007358351729212656,0.5641025641025641,0.02564102564102564
000078,2019,2,2,0,0,0,1352,0.001479289940828402,0.001479289940828402,0.0,1.0,0.0
000078,2020,4,4,0,0,0,1413,0.002830856334041048,0.002830856334041048,0.0,1.0,0.0
000078,2021,7,7,0,0,0,1508,0.004641909814323607,0.004641909814323607,0.0,1.0,0.0
000078,2022,11,11,0,0,0,1596,0.006892230576441102,0.006892230576441102,0.0,1.0,0.0
000078,2023,10,7,0,3,0,1459,0.006854009595613434,0.004797806716929404,0.0,0.7,0.0
000088,2019,1,1,0,0,0,1099,0.0009099181073703367,0.0009099181073703367,0.0,1.0,0.0
000088,2020,1,1,0,0,0,1132,0.0008833922261484099,0.0008833922261484099,0.0,1.0,0.0
000088,2021,3,1,0,2,0,1185,0.002531645569620253,0.0008438818565400844,0.0,0.3333333333333333,0.0
000088,2022,2,2,0,0,0,1227,0.00162999185004075,0.00162999185004075,0.0,1.0,0.0
000088,2023,5,2,0,3,0,1375,0.003636363636363636,0.001454545454545454,0.0,0.4,0.0
000089,2019,5,2,1,2,0,1631,0.003065603923973023,0.001226241569589209,0.0006131207847946045,0.4,0.2
000089,2020,12,5,4,3,0,1609,0.007458048477315102,0.003107520198881293,0.002486016159105034,0.4166666666666667,0.3333333333333333
000089,2021,9,4,4,1,0,1686,0.005338078291814947,0.002372479240806643,0.002372479240806643,0.4444444444444444,0.4444444444444444
000089,2022,8,4,4,0,0,1297,0.006168080185042405,0.003084040092521203,0.003084040092521203,0.5,0.5
000089,2023,11,4,2,5,0,1613,0.006819590824550527,0.002479851208927464,0.001239925604463732,0.3636363636363636,0.1818181818181818
000090,2019,9,6,0,3,0,757,0.011889035667107,0.007926023778071334,0.0,0.6666666666666666,0.0
000090,2020,13,10,0,3,0,1191,0.0109151973131822,0.008396305625524769,0.0,0.7692307692307693,0.0
000090,2021,11,9,0,2,0,1217,0.009038619556285949,0.007395234182415777,0.0,0.8181818181818182,0.0
000090,2022,11,8,0,3,0,1276,0.008620689655172414,0.006269592476489028,0.0,0.7272727272727273,0.0
000090,2023,16,11,0,4,1,1187,0.0134793597304128,0.009267059814658803,0.0,0.6875,0.0
000096,2020,2,0,0,2,0,1046,0.001912045889101338,0.0,0.0,0.0,0.0
000096,2021,2,0,0,2,0,1118,0.001788908765652952,0.0,0.0,0.0,0.0
000096,2023,2,2,0,0,0,1165,0.001716738197424893,0.001716738197424893,0.0,1.0,0.0
000099,2019,3,0,0,3,0,1036,0.002895752895752896,0.0,0.0,0.0,0.0
000099,2020,2,0,0,2,0,1005,0.001990049751243781,0.0,0.0,0.0,0.0
000099,2021,3,2,0,1,0,1249,0.002401921537229784,0.001601281024819856,0.0,0.6666666666666666,0.0
000099,2022,1,1,0,0,0,1101,0.0009082652134423251,0.0009082652134423251,0.0,1.0,0.0
000100,2019,7,2,0,4,1,1536,0.004557291666666667,0.001302083333333333,0.0,0.2857142857142857,0.0
000100,2020,16,3,1,12,0,1448,0.01104972375690608,0.002071823204419889,0.0006906077348066298,0.1875,0.0625
000100,2022,18,8,1,9,0,1481,0.01215395003376097,0.005401755570560433,0.0006752194463200541,0.4444444444444444,0.05555555555555555
000100,2023,16,5,1,10,0,1509,0.01060304837640822,0.003313452617627568,0.0006626905235255136,0.3125,0.0625
000151,2019,3,0,1,2,0,1051,0.00285442435775452,0.0,0.0009514747859181732,0.0,0.3333333333333333
000151,2020,3,0,0,2,1,1127,0.002661934338952972,0.0,0.0,0.0,0.0
000151,2021,8,3,1,4,0,1422,0.005625879043600563,0.002109704641350211,0.0007032348804500703,0.375,0.125
000151,2022,7,3,0,3,1,1190,0.005882352941176471,0.002521008403361345,0.0,0.4285714285714285,0.0
000151,2023,7,6,0,1,0,1282,0.00546021840873635,0.0046801872074883,0.0,0.8571428571428571,0.0
000153,2021,1,1,0,0,0,1065,0.0009389671361502347,0.0009389671361502347,0.0,1.0,0.0
000153,2022,2,0,0,2,0,1185,0.001687763713080169,0.0,0.0,0.0,0.0
000153,2023,1,0,0,1,0,1186,0.0008431703204047217,0.0,0.0,0.0,0.0
000155,2019,2,1,0,1,0,1139,0.001755926251097454,0.000877963125548727,0.0,0.5,0.0
000155,2020,3,2,0,1,0,1201,0.002497918401332223,0.001665278934221482,0.0,0.6666666666666666,0.0
000155,2021,1,0,0,1,0,1561,0.0006406149903907751,0.0,0.0,0.0,0.0
000155,2022,4,1,0,3,0,1502,0.002663115845539281,0.0006657789613848203,0.0,0.25,0.0
000155,2023,6,3,0,3,0,1362,0.004405286343612335,0.002202643171806168,0.0,0.5,0.0
000156,2019,30,25,0,3,2,1084,0.02767527675276753,0.02306273062730627,0.0,0.8333333333333334,0.0
000156,2020,41,31,0,8,2,1340,0.03059701492537313,0.02313432835820895,0.0,0.7560975609756098,0.0
000156,2021,16,11,0,3,2,1024,0.015625,0.0107421875,0.0,0.6875,0.0
000156,2022,23,15,1,7,0,1014,0.02268244575936884,0.01479289940828402,0.0009861932938856016,0.6521739130434783,0.04347826086956522
000156,2023,24,16,1,7,0,1015,0.02364532019704434,0.01576354679802956,0.0009852216748768472,0.6666666666666666,0.04166666666666666
000157,2019,21,17,0,3,1,1417,0.01482004234297812,0.01199717713479181,0.0,0.8095238095238095,0.0
000157,2020,37,31,0,5,1,1431,0.02585604472396925,0.02166317260656883,0.0,0.8378378378378378,0.0
000157,2021,37,31,1,3,2,1384,0.02673410404624278,0.02239884393063584,0.000722543352601156,0.8378378378378378,0.02702702702702703
000157,2022,39,36,1,2,0,1500,0.026,0.024,0.0006666666666666666,0.9230769230769231,0.02564102564102564
000157,2023,41,34,0,7,0,1685,0.02433234421364985,0.02017804154302671,0.0,0.8292682926829268,0.0
000158,2019,90,61,7,19,3,1403,0.06414825374198146,0.04347826086956522,0.004989308624376337,0.6777777777777778,0.07777777777777778
000158,2020,66,45,6,12,3,1346,0.04903417533432392,0.03343239227340267,0.004457652303120356,0.6818181818181818,0.09090909090909091
000158,2021,44,29,6,9,0,1394,0.03156384505021521,0.02080344332855093,0.00430416068866571,0.6590909090909091,0.1363636363636364
000158,2022,71,50,7,13,1,1495,0.04749163879598662,0.0334448160535117,0.004682274247491638,0.704225352112676,0.09859154929577464
000158,2023,69,54,2,12,1,1710,0.04035087719298246,0.03157894736842105,0.001169590643274854,0.782608695652174,0.02898550724637681
000159,2019,2,1,0,1,0,1103,0.001813236627379873,0.0009066183136899365,0.0,0.5,0.0
000159,2020,1,0,0,1,0,1115,0.0008968609865470852,0.0,0.0,0.0,0.0
000159,2021,4,3,0,1,0,1208,0.003311258278145695,0.002483443708609272,0.0,0.75,0.0
000159,2022,1,0,0,0,1,1071,0.0009337068160597573,0.0,0.0,0.0,0.0
000159,2023,1,1,0,0,0,1152,0.0008680555555555555,0.0008680555555555555,0.0,1.0,0.0
000301,2019,10,9,0,1,0,1363,0.007336757153338224,0.006603081438004402,0.0,0.9,0.0
000301,2020,6,5,0,1,0,1491,0.004024144869215292,0.00335345405767941,0.0,0.8333333333333334,0.0
000301,2021,4,3,0,1,0,1465,0.00273037542662116,0.00204778156996587,0.0,0.75,0.0
000301,2022,4,2,1,1,0,1606,0.0024906600249066,0.0012453300124533,0.0006226650062266501,0.5,0.25
000301,2023,4,3,0,1,0,1622,0.002466091245376079,0.001849568434032059,0.0,0.75,0.0
000400,2019,21,18,0,2,1,961,0.0218522372528616,0.01873048907388137,0.0,0.8571428571428571,0.0
000400,2020,31,29,0,2,0,1056,0.02935606060606061,0.02746212121212121,0.0,0.9354838709677419,0.0
000400,2021,36,34,0,2,0,1079,0.03336422613531047,0.03151065801668211,0.0,0.9444444444444444,0.0
000400,2022,25,25,0,0,0,1125,0.02222222222222222,0.02222222222222222,0.0,1.0,0.0
000400,2023,32,27,0,4,1,1142,0.02802101576182137,0.02364273204903678,0.0,0.84375,0.0
000401,2019,3,3,0,0,0,1316,0.002279635258358662,0.002279635258358662,0.0,1.0,0.0
000401,2020,5,5,0,0,0,1245,0.004016064257028112,0.004016064257028112,0.0,1.0,0.0
000401,2021,6,6,0,0,0,1422,0.004219409282700422,0.004219409282700422,0.0,1.0,0.0
000401,2022,14,14,0,0,0,1457,0.009608785175017159,0.009608785175017159,0.0,1.0,0.0
000401,2023,11,11,0,0,0,1331,0.008264462809917356,0.008264462809917356,0.0,1.0,0.0
000402,2019,1,0,1,0,0,1284,0.000778816199376947,0.0,0.000778816199376947,0.0,1.0
000403,2019,3,3,0,0,0,1235,0.00242914979757085,0.00242914979757085,0.0,1.0,0.0
000403,2020,7,5,0,0,2,1293,0.005413766434648105,0.003866976024748647,0.0,0.7142857142857143,0.0
000403,2021,11,7,1,2,1,1581,0.006957621758380772,0.004427577482605946,0.0006325110689437065,0.6363636363636364,0.09090909090909091
000403,2022,4,4,0,0,0,1251,0.00319744204636291,0.00319744204636291,0.0,1.0,0.0
000403,2023,2,1,0,1,0,1194,0.001675041876046901,0.0008375209380234506,0.0,0.5,0.0
000404,2019,35,24,2,9,0,1143,0.03062117235345582,0.02099737532808399,0.001749781277340333,0.6857142857142857,0.05714285714285714
000404,2020,35,22,1,12,0,1145,0.03056768558951965,0.01921397379912664,0.0008733624454148472,0.6285714285714286,0.02857142857142857
000404,2021,33,19,0,13,1,1161,0.02842377260981912,0.01636520241171404,0.0,0.5757575757575758,0.0
000404,2022,34,20,1,13,0,1189,0.02859545836837679,0.01682085786375105,0.0008410428931875525,0.5882352941176471,0.02941176470588235
000404,2023,23,15,0,8,0,1275,0.01803921568627451,0.01176470588235294,0.0,0.6521739130434783,0.0
000407,2019,1,0,0,1,0,917,0.00109051254089422,0.0,0.0,0.0,0.0
000407,2020,2,0,0,2,0,846,0.002364066193853428,0.0,0.0,0.0,0.0
000407,2021,2,1,0,1,0,948,0.002109704641350211,0.001054852320675105,0.0,0.5,0.0
000407,2022,1,0,0,1,0,946,0.00105708245243129,0.0,0.0,0.0,0.0
000407,2023,2,1,0,1,0,902,0.002217294900221729,0.001108647450110865,0.0,0.5,0.0
000408,2020,2,0,0,2,0,1434,0.001394700139470014,0.0,0.0,0.0,0.0
000408,2022,1,0,0,1,0,2090,0.0004784688995215311,0.0,0.0,0.0,0.0
000408,2023,2,2,0,0,0,2035,0.0009828009828009828,0.0009828009828009828,0.0,1.0,0.0
000409,2019,1,0,0,1,0,1203,0.0008312551953449709,0.0,0.0,0.0,0.0
000409,2020,17,12,2,3,0,1270,0.01338582677165354,0.009448818897637795,0.001574803149606299,0.7058823529411765,0.1176470588235294
000409,2021,31,26,2,2,1,1210,0.0256198347107438,0.02148760330578512,0.001652892561983471,0.8387096774193549,0.06451612903225806
000409,2022,84,76,0,7,1,1557,0.05394990366088632,0.04881181759794476,0.0,0.9047619047619048,0.0
000409,2023,95,82,3,8,2,1515,0.0627062706270627,0.05412541254125412,0.00198019801980198,0.8631578947368421,0.03157894736842105
000410,2019,17,14,0,3,0,1309,0.01298701298701299,0.0106951871657754,0.0,0.8235294117647058,0.0
000410,2020,14,12,1,1,0,1103,0.01269265639165911,0.01087941976427924,0.0009066183136899365,0.8571428571428571,0.07142857142857142
000410,2021,6,5,0,1,0,1008,0.005952380952380952,0.00496031746031746,0.0,0.8333333333333334,0.0
000410,2022,10,8,0,1,1,1222,0.008183306055646482,0.006546644844517185,0.0,0.8,0.0
000410,2023,8,7,0,1,0,1166,0.00686106346483705,0.006003430531732418,0.0,0.875,0.0
000411,2019,6,3,0,3,0,1227,0.004889975550122249,0.002444987775061125,0.0,0.5,0.0
000411,2020,7,3,1,3,0,1152,0.006076388888888889,0.002604166666666667,0.0008680555555555555,0.4285714285714285,0.1428571428571428
000411,2021,5,2,0,3,0,1241,0.0040290088638195,0.0016116035455278,0.0,0.4,0.0
000411,2022,9,8,0,1,0,1281,0.00702576112412178,0.00624512099921936,0.0,0.8888888888888888,0.0
000411,2023,9,8,0,1,0,1284,0.007009345794392523,0.006230529595015576,0.0,0.8888888888888888,0.0
000415,2019,21,0,0,21,0,1852,0.0113390928725702,0.0,0.0,0.0,0.0
000415,2020,17,1,0,16,0,1795,0.00947075208913649,0.0005571030640668524,0.0,0.05882352941176471,0.0
000415,2021,11,0,0,11,0,1811,0.006073992269464384,0.0,0.0,0.0,0.0
000415,2022,13,0,1,12,0,1677,0.007751937984496124,0.0,0.0005963029218843172,0.0,0.07692307692307693
000415,2023,16,0,0,16,0,1591,0.01005656819610308,0.0,0.0,0.0,0.0
000417,2019,9,3,1,4,1,1205,0.007468879668049793,0.002489626556016597,0.0008298755186721991,0.3333333333333333,0.1111111111111111
000417,2020,9,7,1,1,0,1170,0.007692307692307693,0.005982905982905983,0.0008547008547008547,0.7777777777777778,0.1111111111111111
000417,2021,5,4,1,0,0,1257,0.003977724741447892,0.003182179793158314,0.0007955449482895784,0.8,0.2
000417,2022,5,3,1,1,0,1207,0.004142502071251036,0.002485501242750621,0.0008285004142502071,0.6,0.2
000417,2023,10,4,1,5,0,1222,0.008183306055646482,0.003273322422258593,0.0008183306055646482,0.4,0.1
000419,2019,1,1,0,0,0,835,0.001197604790419162,0.001197604790419162,0.0,1.0,0.0
000419,2023,1,1,0,0,0,928,0.001077586206896552,0.001077586206896552,0.0,1.0,0.0
000420,2021,1,0,1,0,0,947,0.001055966209081309,0.0,0.001055966209081309,0.0,1.0
000420,2022,8,6,1,1,0,925,0.008648648648648649,0.006486486486486486,0.001081081081081081,0.75,0.125
000421,2019,3,1,0,2,0,974,0.003080082135523614,0.001026694045174538,0.0,0.3333333333333333,0.0
000421,2020,8,5,0,3,0,1091,0.007332722273143905,0.00458295142071494,0.0,0.625,0.0
000421,2021,11,5,0,6,0,1173,0.00937766410912191,0.004262574595055414,0.0,0.4545454545454545,0.0
000421,2022,5,3,0,2,0,1245,0.004016064257028112,0.002409638554216868,0.0,0.6,0.0
000421,2023,6,3,0,2,1,1220,0.004918032786885246,0.002459016393442623,0.0,0.5,0.0
000422,2019,2,1,0,1,0,828,0.002415458937198068,0.001207729468599034,0.0,0.5,0.0
000422,2020,3,2,1,0,0,1155,0.002597402597402597,0.001731601731601732,0.0008658008658008658,0.6666666666666666,0.3333333333333333
000422,2021,3,3,0,0,0,1443,0.002079002079002079,0.002079002079002079,0.0,1.0,0.0
000422,2022,7,6,0,1,0,1512,0.004629629629629629,0.003968253968253968,0.0,0.8571428571428571,0.0
000422,2023,9,8,0,1,0,1501,0.005996002664890073,0.005329780146568954,0.0,0.8888888888888888,0.0
000423,2019,4,4,0,0,0,1102,0.003629764065335753,0.003629764065335753,0.0,1.0,0.0
000423,2020,2,2,0,0,0,1015,0.001970443349753694,0.001970443349753694,0.0,1.0,0.0
000423,2021,4,3,0,1,0,987,0.004052684903748734,0.00303951367781155,0.0,0.75,0.0
000423,2022,2,1,0,1,0,987,0.002026342451874367,0.001013171225937183,0.0,0.5,0.0
000425,2019,23,22,0,1,0,1398,0.01645207439198856,0.01573676680972818,0.0,0.9565217391304348,0.0
000425,2020,22,20,0,2,0,1319,0.01667930250189538,0.01516300227445034,0.0,0.9090909090909091,0.0
000425,2021,17,10,0,7,0,1375,0.01236363636363636,0.007272727272727273,0.0,0.5882352941176471,0.0
000425,2022,28,20,0,8,0,1378,0.02031930333817126,0.01451378809869376,0.0,0.7142857142857143,0.0
000425,2023,26,19,0,7,0,1413,0.01840056617126681,0.01344656758669498,0.0,0.7307692307692307,0.0
000426,2019,2,1,0,1,0,1340,0.001492537313432836,0.0007462686567164179,0.0,0.5,0.0
000426,2020,2,1,0,1,0,1338,0.001494768310911809,0.0007473841554559044,0.0,0.5,0.0
000426,2021,4,3,0,1,0,1371,0.002917578409919767,0.002188183807439825,0.0,0.75,0.0
000426,2022,14,13,0,1,0,1644,0.00851581508515815,0.007907542579075427,0.0,0.9285714285714286,0.0
000426,2023,22,20,0,2,0,1792,0.01227678571428571,0.01116071428571429,0.0,0.9090909090909091,0.0
000428,2019,1,1,0,0,0,1088,0.0009191176470588235,0.0009191176470588235,0.0,1.0,0.0
000428,2020,1,1,0,0,0,1100,0.0009090909090909091,0.0009090909090909091,0.0,1.0,0.0
000429,2020,3,2,0,1,0,1243,0.002413515687851971,0.001609010458567981,0.0,0.6666666666666666,0.0
000429,2021,7,4,0,3,0,1188,0.005892255892255892,0.003367003367003367,0.0,0.5714285714285714,0.0
000429,2022,4,3,0,1,0,1183,0.003381234150464919,0.00253592561284869,0.0,0.75,0.0
000429,2023,3,2,0,1,0,1213,0.00247320692497939,0.001648804616652927,0.0,0.6666666666666666,0.0
000498,2019,1,1,0,0,0,1449,0.0006901311249137336,0.0006901311249137336,0.0,1.0,0.0
000498,2020,5,3,1,0,1,1811,0.002760905577029266,0.001656543346217559,0.0005521811154058532,0.6,0.2
000498,2021,7,7,0,0,0,1832,0.003820960698689956,0.003820960698689956,0.0,1.0,0.0
000498,2022,8,6,1,0,1,1896,0.004219409282700422,0.003164556962025316,0.0005274261603375527,0.75,0.125
000498,2023,5,3,1,0,1,1890,0.002645502645502645,0.001587301587301587,0.0005291005291005291,0.6,0.2
000501,2019,1,0,0,1,0,1307,0.0007651109410864575,0.0,0.0,0.0,0.0
000501,2020,2,2,0,0,0,1292,0.001547987616099071,0.001547987616099071,0.0,1.0,0.0
000501,2022,1,1,0,0,0,1223,0.0008176614881439084,0.0008176614881439084,0.0,1.0,0.0
000501,2023,1,1,0,0,0,1324,0.0007552870090634441,0.0007552870090634441,0.0,1.0,0.0
000502,2021,4,4,0,0,0,1336,0.002994011976047904,0.002994011976047904,0.0,1.0,0.0
000503,2019,13,6,5,1,1,1095,0.01187214611872146,0.005479452054794521,0.0045662100456621,0.4615384615384616,0.3846153846153846
000503,2020,22,12,2,6,2,1052,0.02091254752851711,0.01140684410646388,0.001901140684410646,0.5454545454545454,0.09090909090909091
000503,2021,11,9,2,0,0,1136,0.009683098591549295,0.007922535211267605,0.00176056338028169,0.8181818181818182,0.1818181818181818
000503,2022,21,16,4,0,1,1190,0.01764705882352941,0.01344537815126051,0.003361344537815126,0.7619047619047619,0.1904761904761905
000503,2023,27,19,6,1,1,1251,0.02158273381294964,0.01518784972022382,0.004796163069544364,0.7037037037037037,0.2222222222222222
000505,2019,2,1,0,1,0,1196,0.001672240802675585,0.0008361204013377926,0.0,0.5,0.0
000505,2020,2,1,0,1,0,1247,0.001603849238171612,0.0008019246190858059,0.0,0.5,0.0
000505,2021,5,4,0,1,0,1479,0.003380662609871535,0.002704530087897228,0.0,0.8,0.0
000505,2022,4,3,0,1,0,1443,0.002772002772002772,0.002079002079002079,0.0,0.75,0.0
000505,2023,5,3,1,1,0,1372,0.003644314868804665,0.002186588921282799,0.0007288629737609329,0.6,0.2
000506,2020,7,3,0,4,0,1206,0.005804311774461028,0.002487562189054726,0.0,0.4285714285714285,0.0
000506,2021,2,0,1,1,0,1306,0.001531393568147014,0.0,0.0007656967840735069,0.0,0.5
000506,2023,2,1,0,1,0,1102,0.001814882032667877,0.0009074410163339383,0.0,0.5,0.0
000507,2019,5,2,0,3,0,1292,0.003869969040247678,0.001547987616099071,0.0,0.4,0.0
000507,2020,4,1,1,2,0,1509,0.002650762094102054,0.0006626905235255136,0.0006626905235255136,0.25,0.25
000507,2021,2,1,0,1,0,1788,0.001118568232662192,0.0005592841163310962,0.0,0.5,0.0
000507,2022,4,1,0,3,0,1747,0.002289639381797367,0.0005724098454493417,0.0,0.25,0.0
000507,2023,2,0,0,2,0,1748,0.0011441647597254,0.0,0.0,0.0,0.0
000509,2022,3,3,0,0,0,988,0.003036437246963563,0.003036437246963563,0.0,1.0,0.0
000509,2023,2,2,0,0,0,1092,0.001831501831501832,0.001831501831501832,0.0,1.0,0.0
000510,2022,1,1,0,0,0,998,0.001002004008016032,0.001002004008016032,0.0,1.0,0.0
000513,2019,10,4,0,6,0,2517,0.003972983710766786,0.001589193484306714,0.0,0.4,0.0
000513,2020,12,10,0,2,0,2737,0.004384362440628425,0.003653635367190354,0.0,0.8333333333333334,0.0
000513,2021,8,6,0,2,0,2897,0.002761477390403866,0.0020711080428029,0.0,0.75,0.0
000513,2022,7,6,0,1,0,2971,0.002356109054190508,0.002019522046449007,0.0,0.8571428571428571,0.0
000513,2023,8,7,1,0,0,2992,0.00267379679144385,0.002339572192513369,0.0003342245989304813,0.875,0.125
000514,2019,1,0,1,0,0,851,0.001175088131609871,0.0,0.001175088131609871,0.0,1.0
000514,2020,1,0,1,0,0,898,0.00111358574610245,0.0,0.00111358574610245,0.0,1.0
000514,2021,1,0,1,0,0,927,0.001078748651564185,0.0,0.001078748651564185,0.0,1.0
000514,2022,1,0,1,0,0,1012,0.0009881422924901185,0.0,0.0009881422924901185,0.0,1.0
000514,2023,1,0,1,0,0,1003,0.0009970089730807576,0.0,0.0009970089730807576,0.0,1.0
000516,2019,5,1,0,4,0,1157,0.00432152117545376,0.000864304235090752,0.0,0.2,0.0
000516,2020,7,3,0,4,0,1340,0.005223880597014926,0.002238805970149254,0.0,0.4285714285714285,0.0
000516,2021,5,3,0,2,0,1376,0.003633720930232558,0.002180232558139535,0.0,0.6,0.0
000516,2022,11,7,1,3,0,1314,0.00837138508371385,0.00532724505327245,0.00076103500761035,0.6363636363636364,0.09090909090909091
000516,2023,11,8,0,3,0,1329,0.008276899924755455,0.006019563581640331,0.0,0.7272727272727273,0.0
000517,2019,1,1,0,0,0,886,0.001128668171557562,0.001128668171557562,0.0,1.0,0.0
000517,2020,1,1,0,0,0,899,0.001112347052280311,0.001112347052280311,0.0,1.0,0.0
000517,2021,2,2,0,0,0,855,0.002339181286549708,0.002339181286549708,0.0,1.0,0.0
000517,2022,2,2,0,0,0,876,0.00228310502283105,0.00228310502283105,0.0,1.0,0.0
000517,2023,2,2,0,0,0,819,0.002442002442002442,0.002442002442002442,0.0,1.0,0.0
000519,2019,7,7,0,0,0,1432,0.004888268156424581,0.004888268156424581,0.0,1.0,0.0
000519,2020,4,4,0,0,0,1355,0.002952029520295203,0.002952029520295203,0.0,1.0,0.0
000519,2021,8,8,0,0,0,1230,0.006504065040650406,0.006504065040650406,0.0,1.0,0.0
000519,2022,9,7,1,0,1,1145,0.007860262008733625,0.00611353711790393,0.0008733624454148472,0.7777777777777778,0.1111111111111111
000519,2023,7,7,0,0,0,1073,0.0065237651444548,0.0065237651444548,0.0,1.0,0.0
000520,2019,2,0,0,2,0,817,0.002447980416156671,0.0,0.0,0.0,0.0
000520,2020,1,0,0,1,0,946,0.00105708245243129,0.0,0.0,0.0,0.0
000520,2022,3,3,0,0,0,1182,0.002538071065989848,0.002538071065989848,0.0,1.0,0.0
000521,2019,32,28,1,3,0,1675,0.0191044776119403,0.01671641791044776,0.0005970149253731343,0.875,0.03125
000521,2020,24,19,1,4,0,1783,0.01346045989904655,0.01065619742007852,0.0005608524957936063,0.7916666666666666,0.04166666666666666
000521,2021,54,44,0,10,0,1776,0.03040540540540541,0.02477477477477477,0.0,0.8148148148148148,0.0
000521,2022,40,28,0,12,0,1677,0.02385211687537269,0.01669648181276088,0.0,0.7,0.0
000521,2023,94,24,0,70,0,1657,0.05672902836451418,0.01448400724200362,0.0,0.2553191489361702,0.0
000523,2021,3,3,0,0,0,1803,0.001663893510815308,0.001663893510815308,0.0,1.0,0.0
000523,2022,7,7,0,0,0,1575,0.004444444444444444,0.004444444444444444,0.0,1.0,0.0
000523,2023,10,10,0,0,0,1722,0.005807200929152149,0.005807200929152149,0.0,1.0,0.0
000524,2019,7,6,0,1,0,1503,0.004657351962741184,0.003992015968063872,0.0,0.8571428571428571,0.0
000524,2020,3,1,0,2,0,1560,0.001923076923076923,0.000641025641025641,0.0,0.3333333333333333,0.0
000524,2021,19,15,0,4,0,1721,0.01104009296920395,0.008715862870424172,0.0,0.7894736842105263,0.0
000524,2022,4,2,0,2,0,1742,0.002296211251435132,0.001148105625717566,0.0,0.5,0.0
000524,2023,12,9,0,3,0,1785,0.006722689075630253,0.005042016806722689,0.0,0.75,0.0
000525,2019,1,0,1,0,0,1187,0.0008424599831508003,0.0,0.0008424599831508003,0.0,1.0
000525,2020,2,1,0,1,0,1368,0.001461988304093567,0.0007309941520467836,0.0,0.5,0.0
000525,2021,1,1,0,0,0,1669,0.0005991611743559018,0.0005991611743559018,0.0,1.0,0.0
600519,2022,2,0,0,2,0,731,0.002735978112175103,0.0,0.0,0.0,0.0
